{
  "name": "graph_aic",
  "input_tensor": [
    "2Fmodel2Fneck2Fout_convs2E02Fcna2Factivate2FRelu_output_0"
  ],
  "input_shape": [
    {
      "dim": [1,64,52,52],
      "dtype": "f16",
      "pack": 0
    }
  ],
  "output_tensor": [
    "2Fmodel2Fhead2Fhead_module2Fcls_pred2E02FConv_output_0"
  ],
  "output_shape": [
    {
      "dim": [1,1,52,52],
      "dtype": "f16",
      "pack": 0
    }
  ],
  "layer": [
    {
      "inst_name": "/model/head/head_module/cls_pred.0/Conv_im_0",
      "type_name": "Conv2d",
      "bottom": [
        "2Fmodel2Fneck2Fout_convs2E02Fcna2Factivate2FRelu_output_0"
      ],
      "top": [
        "2Fmodel2Fhead2Fhead_module2Fcls_pred2E02FConv_output_0"
      ],
      "hw": 1,
      "hw_acc": [5,10,15],
      "param": {
        "num_output": 1,
        "bias_term": 1,
        "group": 1,
        "pad_h": 0,
        "pad_w": 0,
        "kernel_h": 1,
        "kernel_w": 1,
        "stride_h": 1,
        "stride_w": 1,
        "dilation_h": 1,
        "dilation_w": 1,
        "num_input": 64,
        "padding_mode": 0
      },
      "data": {
        "coef": [
          -0.58178,
          -0.173643,
          0.317653,
          -1.48772,
          0.340271,
          0.921181,
          -1.64092,
          0.540073,
          0.642078,
          0.0847326,
          0.0348613,
          0.414821,
          -0.318155,
          0.169249,
          0.307624,
          0.0451426,
          0.151262,
          0.138391,
          0.405611,
          -0.368512,
          -0.575515,
          0.113873,
          -1.22677,
          -1.32925,
          -3.82603,
          -0.434107,
          0.29312,
          -1.2161,
          -0.131917,
          -2.22109,
          -0.0955409,
          0.321766,
          -1.30556,
          0.607113,
          0.465932,
          0.435574,
          -0.325381,
          -0.0133921,
          -2.47275,
          0.427578,
          0.314965,
          0.387147,
          0.343731,
          0.0532843,
          0.0498557,
          1.2088,
          -0.935149,
          0.407143,
          -1.08661,
          -0.422124,
          -0.0641405,
          -0.239408,
          0.438383,
          0.133844,
          -1.0488,
          -0.24639,
          -0.627459,
          0.00345714,
          0.235379,
          0.253282,
          0.0459817,
          -0.887507,
          0.0967857,
          0.115881
        ],
        "bias": [-4.86387],
        "factor_scale": [15360],
        "coef_dtype": 1,
        "coef_acc": [5,10,15],
        "input_dtype": 1,
        "input_acc": [5,10,15],
        "output_dtype": 1,
        "output_acc": [5,10,15]
      }
    }
  ]
}