{
  "name": "graph_aic",
  "input_tensor": [
    "PPQ_Variable_159"
  ],
  "input_shape": [
    {
      "dim": [1,64,80,80],
      "dtype": "f8",
      "hw_acc": [4,3,7],
      "pack": 0
    }
  ],
  "output_tensor": [
    "461"
  ],
  "output_shape": [
    {
      "dim": [1,64,80,80],
      "dtype": "f16",
      "pack": 0
    }
  ],
  "layer": [
    {
      "inst_name": "Conv_246_im_0",
      "type_name": "Wino2d",
      "bottom": [
        "PPQ_Variable_159"
      ],
      "top": [
        "461"
      ],
      "hw": 3,
      "hw_acc": [4,3,7],
      "param": {
        "num_output": 64,
        "bias_term": 1,
        "group": 64,
        "pad_h": 1,
        "pad_w": 1,
        "kernel_h": 3,
        "kernel_w": 3,
        "stride_h": 1,
        "stride_w": 1,
        "dilation_h": 1,
        "dilation_w": 1,
        "num_input": 64,
        "padding_mode": 0
      },
      "data": {
        "coef": [
          0.140625,
          -0.0429688,
          -0.0351562,
          0.4375,
          0.3125,
          -0.21875,
          0.15625,
          0.0625,
          0.0136719,
          0.109375,
          0.078125,
          0.25,
          0.1875,
          0.3125,
          0.375,
          0.140625,
          0.375,
          0.40625,
          0.0253906,
          -0.0390625,
          0.34375,
          -0.117188,
          -0.171875,
          0.5,
          0.00439453,
          0.0625,
          0.34375,
          -0.0507812,
          -0.078125,
          0.0546875,
          0.00439453,
          -0.117188,
          0.0859375,
          0.1875,
          0.625,
          0.5,
          -0.0253906,
          0.6875,
          0.0351562,
          0.0390625,
          0.3125,
          0.203125,
          -0.101562,
          -0.09375,
          -0.046875,
          -0.0107422,
          0.34375,
          0.0703125,
          -0.09375,
          0.25,
          -0.046875,
          -0.0117188,
          -0.34375,
          -0.4375,
          0.0292969,
          0.1875,
          0.109375,
          0.234375,
          0.5,
          0.34375,
          0.09375,
          0.3125,
          0.1875,
          0.078125,
          0.203125,
          0.203125,
          0.171875,
          0.21875,
          0.34375,
          0.078125,
          0.40625,
          0.34375,
          -0.125,
          -0.171875,
          -0.28125,
          -0.15625,
          -0.28125,
          -0.375,
          -0.15625,
          -0.3125,
          -0.40625,
          0.0507812,
          0.21875,
          0.046875,
          0.140625,
          0.4375,
          -0.0429688,
          0.0351562,
          -0.109375,
          -0.1875,
          0.078125,
          0.1875,
          0.25,
          0.140625,
          0.34375,
          0.375,
          0.140625,
          0.5,
          0.40625,
          0.625,
          -0.0585938,
          -0.40625,
          0.625,
          -0.46875,
          0.46875,
          0.3125,
          -0.75,
          -0.09375,
          2,
          1.25,
          2.25,
          1.125,
          -16,
          1.75,
          3,
          2.5,
          4.5,
          -0.09375,
          -0.203125,
          0.101562,
          -0.203125,
          -0.140625,
          0.6875,
          -0.0351562,
          -0.28125,
          0.0585938,
          0.0546875,
          -0.078125,
          0.140625,
          -0.625,
          -0.4375,
          0.203125,
          0.0859375,
          -0.15625,
          0.0859375,
          0.125,
          0.09375,
          -0.101562,
          -0.21875,
          0.6875,
          -0.15625,
          0.078125,
          0.203125,
          -0.015625,
          0.0107422,
          0.140625,
          -0.00683594,
          -0.015625,
          -0.5,
          -0.1875,
          -0.203125,
          -0.28125,
          -0.21875,
          0.0585938,
          0.0390625,
          0.0507812,
          0.1875,
          0.625,
          -0.140625,
          0.0117188,
          0.078125,
          -0.00976562,
          -0.34375,
          -1.75,
          -0.6875,
          -0.0253906,
          -1.125,
          -0.03125,
          0.00292969,
          -0.00317383,
          0.101562,
          -0.234375,
          -0.0703125,
          0.140625,
          -0.5625,
          -0.078125,
          0.125,
          -0.1875,
          -0.140625,
          0.0625,
          -0.0625,
          -0.25,
          -0.0703125,
          -0.140625,
          -0.34375,
          -0.21875,
          -0.0107422,
          -0.5,
          -0.125,
          0.00390625,
          -0.171875,
          0.0234375,
          -0.0859375,
          -0.6875,
          0.46875,
          0.03125,
          -0.375,
          0.28125,
          -0.5,
          -1.25,
          -0.34375,
          0.03125,
          0.203125,
          -0.0351562,
          0.00439453,
          0.25,
          0.0585938,
          -0.0351562,
          0.375,
          0.101562,
          0.25,
          0.4375,
          0.375,
          0.0585938,
          0.3125,
          0.1875,
          -0.0214844,
          -0.0429688,
          0.0429688,
          0.109375,
          0.40625,
          0.28125,
          0.0351562,
          0.5,
          0.25,
          -0.101562,
          -0.25,
          -0.28125,
          -0.25,
          -0.234375,
          -0.40625,
          -0.203125,
          -0.40625,
          -0.5,
          -0.0625,
          -0.00219727,
          -0.0078125,
          0.0703125,
          0.5,
          0.28125,
          0.00170898,
          0.234375,
          0.0703125,
          0.25,
          0.5625,
          0.25,
          0.171875,
          0.34375,
          0.34375,
          0.125,
          0.109375,
          0.0273438,
          0.03125,
          0.3125,
          0.0703125,
          0.3125,
          0.75,
          0.4375,
          -0.00439453,
          -0.171875,
          0.0585938,
          0.09375,
          0.234375,
          0.1875,
          0.171875,
          0.375,
          0.34375,
          0.140625,
          0.3125,
          0.34375,
          0.0507812,
          -0.117188,
          0.0429688,
          -0.140625,
          -0.109375,
          -0.0625,
          -0.1875,
          -0.75,
          -0.25,
          0.03125,
          -0.25,
          0.0507812,
          -0.109375,
          -0.625,
          -0.15625,
          0.015625,
          -0.101562,
          -0.0429688,
          -0.0390625,
          -0.09375,
          0.0234375,
          -0.0429688,
          0.0429688,
          0.6875,
          -0.0703125,
          0.0859375,
          0.25,
          -0.3125,
          -0.5,
          0.28125,
          -0.0273438,
          -0.375,
          -0.0703125,
          0.0429688,
          0.46875,
          0.5,
          -0.00683594,
          0.234375,
          0.0703125,
          0.1875,
          0.4375,
          0.28125,
          0.0429688,
          0.203125,
          0.117188,
          -0.0146484,
          -0.25,
          0.0703125,
          0.0625,
          -0.8125,
          0.101562,
          0.234375,
          0.8125,
          0.28125,
          0.03125,
          -0.625,
          -0.0146484,
          0.109375,
          -0.6875,
          0.117188,
          -0.140625,
          -0.3125,
          -0.21875,
          0.15625,
          0.46875,
          0.140625,
          -0.078125,
          -0.40625,
          0.00878906,
          -0.140625,
          -0.375,
          -0.078125,
          -0.03125,
          -0.0859375,
          -0.0703125,
          -0.1875,
          -0.15625,
          -0.171875,
          0.00878906,
          -0.28125,
          -0.3125,
          -0.00390625,
          -0.28125,
          -0.125,
          -0.125,
          0.75,
          0.101562,
          -0.078125,
          0.21875,
          0.0273438,
          0.046875,
          0.375,
          0.203125,
