{
  "name": "graph_aic",
  "input_tensor": [
    "2Fmodel2Fneck2Fout_convs2E12Fcna2Factivate2FRelu_output_0"
  ],
  "input_shape": [
    {
      "dim": [1,64,26,26],
      "dtype": "f16",
      "pack": 0
    }
  ],
  "output_tensor": [
    "2Fmodel2Fperson2Fhead_module2Fcls_pred2E12FConv_output_0"
  ],
  "output_shape": [
    {
      "dim": [1,1,26,26],
      "dtype": "f16",
      "pack": 0
    }
  ],
  "layer": [
    {
      "inst_name": "/model/person/head_module/cls_pred.1/Conv_im_0",
      "type_name": "Conv2d",
      "bottom": [
        "2Fmodel2Fneck2Fout_convs2E12Fcna2Factivate2FRelu_output_0"
      ],
      "top": [
        "2Fmodel2Fperson2Fhead_module2Fcls_pred2E12FConv_output_0"
      ],
      "hw": 1,
      "hw_acc": [5,10,15],
      "param": {
        "num_output": 1,
        "bias_term": 1,
        "group": 1,
        "pad_h": 0,
        "pad_w": 0,
        "kernel_h": 1,
        "kernel_w": 1,
        "stride_h": 1,
        "stride_w": 1,
        "dilation_h": 1,
        "dilation_w": 1,
        "num_input": 64,
        "padding_mode": 0
      },
      "data": {
        "coef": [
          -0.0446656,
          0.108613,
          -0.198133,
          0.00758786,
          -0.120008,
          0.746615,
          0.257891,
          -0.837377,
          0.117995,
          -0.263086,
          0.259195,
          -0.028749,
          0.502393,
          0.0141893,
          0.13727,
          -0.0817876,
          0.132504,
          -0.155574,
          1.40513,
          -0.171196,
          -0.235907,
          -0.38531,
          0.389971,
          -0.135767,
          -0.13167,
          0.21345,
          -4.31587,
          0.373826,
          -0.412927,
          0.750575,
          0.316199,
          0.242414,
          0.100367,
          -1.36873,
          0.548247,
          0.301035,
          -1.08241,
          0.0870054,
          -0.686085,
          -1.67818,
          -0.155099,
          0.473819,
          0.251505,
          0.539507,
          0.408097,
          0.262492,
          0.198266,
          0.272115,
          -0.0112499,
          0.0417518,
          -0.238648,
          0.278042,
          0.65862,
          -0.130258,
          0.173874,
          -0.987103,
          0.0983282,
          0.239059,
          -0.0374766,
          -0.125646,
          0.142583,
          0.128332,
          -0.0877414,
          0.127459
        ],
        "bias": [-3.30923],
        "factor_scale": [15360],
        "coef_dtype": 1,
        "coef_acc": [5,10,15],
        "input_dtype": 1,
        "input_acc": [5,10,15],
        "output_dtype": 1,
        "output_acc": [5,10,15]
      }
    }
  ]
}