{
  "name": "graph_aic",
  "input_tensor": [
    "PPQ_Variable_189"
  ],
  "input_shape": [
    {
      "dim": [1,80,40,40],
      "dtype": "f8",
      "hw_acc": [4,3,7],
      "pack": 0
    }
  ],
  "output_tensor": [
    "488"
  ],
  "output_shape": [
    {
      "dim": [1,80,40,40],
      "dtype": "f16",
      "pack": 0
    }
  ],
  "layer": [
    {
      "inst_name": "Conv_273_im_0",
      "type_name": "Wino2d",
      "bottom": [
        "PPQ_Variable_189"
      ],
      "top": [
        "488"
      ],
      "hw": 3,
      "hw_acc": [4,3,7],
      "param": {
        "num_output": 80,
        "bias_term": 1,
        "group": 80,
        "pad_h": 1,
        "pad_w": 1,
        "kernel_h": 3,
        "kernel_w": 3,
        "stride_h": 1,
        "stride_w": 1,
        "dilation_h": 1,
        "dilation_w": 1,
        "num_input": 80,
        "padding_mode": 0
      },
      "data": {
        "coef": [
          -0.101562,
          -0.40625,
          -0.125,
          -0.3125,
          -0.015625,
          -0.34375,
          -0.140625,
          -0.375,
          -0.125,
          -0.0546875,
          -0.5,
          -0.078125,
          -0.375,
          0.0625,
          -0.375,
          -0.109375,
          -0.4375,
          -0.101562,
          -0.117188,
          -0.625,
          -0.171875,
          -2.25,
          -0.46875,
          -0.5625,
          -0.15625,
          -0.625,
          0.0390625,
          -0.6875,
          -0.75,
          -0.375,
          -1.125,
          -2.5,
          -0.6875,
          -1.875,
          -6,
          -1.875,
          0.21875,
          0.0195312,
          -0.15625,
          1.375,
          -0.34375,
          -0.3125,
          0.15625,
          0.0390625,
          -0.101562,
          0.140625,
          0.40625,
          0.1875,
          0.34375,
          -0.0234375,
          0.375,
          0.140625,
          0.375,
          0.140625,
          0.0507812,
          0.28125,
          0.0703125,
          0.00683594,
          0.3125,
          0.015625,
          0.0429688,
          0.25,
          0.078125,
          0.0273438,
          0.21875,
          0.0429688,
          0.15625,
          -0.00634766,
          0.171875,
          0.0546875,
          0.1875,
          0.0703125,
          0.00219727,
          -0.1875,
          -0.078125,
          -0.0703125,
          -0.6875,
          -0.0214844,
          0.0703125,
          1.5,
          0.0546875,
          0.078125,
          0.109375,
          0.117188,
          0.34375,
          0.203125,
          0.34375,
          0.25,
          0.25,
          0.3125,
          -0.0351562,
          -0.117188,
          -0.0390625,
          0.125,
          0.9375,
          0.15625,
          0.0585938,
          0.140625,
          0.0625,
          0.00268555,
          0.46875,
          -0.000244141,
          0.34375,
          2.25,
          0.21875,
          -0.0390625,
          0.28125,
          -0.15625,
          0.0859375,
          0.117188,
          0.117188,
          0.1875,
          0.34375,
          0.21875,
          0.0703125,
          0.0625,
          0.0507812,
          -0.75,
          0.0234375,
          0.1875,
          1.125,
          -0.25,
          -0.5,
          4.5,
          -0.5625,
          1.125,
          -0.4375,
          -0.375,
          -0.28125,
          -0.375,
          1.5,
          0.00158691,
          -0.3125,
          -0.0703125,
          -0.171875,
          0.0703125,
          0.3125,
          0.0429688,
          0.101562,
          1.125,
          -0.0195312,
          0.0859375,
          0.0292969,
          0.078125,
          -0.0292969,
          -0.125,
          -0.0703125,
          0.0195312,
          -0.75,
          -0.28125,
          -0.0585938,
          -0.1875,
          -0.117188,
          -0.0351562,
          -0.3125,
          -0.0625,
          -0.28125,
          0.0625,
          -0.25,
          -0.0703125,
          -0.3125,
          -0.078125,
          -0.00976562,
          0.171875,
          0.00878906,
          0.15625,
          0.125,
          0.171875,
          0.0175781,
          0.203125,
          0.0195312,
          -0.140625,
          -0.40625,
          -0.1875,
          -0.40625,
          0.101562,
          -0.40625,
          -0.125,
          -0.4375,
          -0.140625,
          -0.125,
          2.25,
          0.101562,
          -0.117188,
          -0.9375,
          -0.203125,
          -0.0107422,
          -0.375,
          -0.0625,
          0.0625,
          0.1875,
          0.09375,
          0.203125,
          0.101562,
          0.21875,
          0.0625,
          0.25,
          0.0703125,
          -0.00976562,
          0.25,
          0.0195312,
          0.15625,
          0.0273438,
          0.15625,
          0.0585938,
          0.21875,
          0.09375,
          -0.0703125,
          -0.3125,
          -0.101562,
          -0.25,
          -0.0703125,
          -0.3125,
          -0.140625,
          -0.34375,
          -0.15625,
          2,
          -1.5,
          2,
          -1,
          -8,
          0.0859375,
          2,
          0.1875,
          2,
          0.0390625,
          0.140625,
          0.0585938,
          0.15625,
          0.0625,
          0.171875,
          0.0429688,
          0.15625,
          0.0585938,
          -0.3125,
          0.4375,
          0.625,
          -0.46875,
          -2,
          1.25,
          0.4375,
          1.625,
          0.6875,
          -0.117188,
          -0.5625,
          -0.171875,
          -0.5,
          0.00976562,
          -0.5,
          -0.140625,
          -0.5625,
          -0.09375,
          0.00878906,
          0.078125,
          -0.0136719,
          -0.00585938,
          -0.8125,
          -0.00683594,
          0.0507812,
          0.09375,
          0.0390625,
          0.15625,
          0.40625,
          0.1875,
          0.375,
          -0.078125,
          0.375,
          0.140625,
          0.34375,
          0.15625,
          -0.09375,
          -0.3125,
          -0.078125,
          -0.34375,
          0.0214844,
          -0.3125,
          -0.171875,
          -0.28125,
          -0.117188,
          0.0859375,
          0.40625,
          0.117188,
          0.375,
          -0.0585938,
          0.40625,
          0.140625,
          0.40625,
          0.15625,
          -0.101562,
          -0.375,
          -0.1875,
          -0.34375,
          0.101562,
          -0.375,
          -0.117188,
          -0.375,
          -0.140625,
          0.078125,
          0.0253906,
          -0.0273438,
          1,
          -0.203125,
          0.00195312,
          0.375,
          -0.0546875,
          0.125,
          0.00976562,
          -0.0253906,
          -0.000549316,
          0.0390625,
          0.1875,
          0.078125,
          0.0625,
          0.15625,
          0.0703125,
          0.125,
          0.234375,
          0.140625,
          0.34375,
          0.171875,
          0.40625,
          0.1875,
          0.3125,
          0.140625,
          -0.00317383,
          0.0390625,
          0.0292969,
          0.0234375,
          0.8125,
          0.046875,
          -0.0214844,
          0.0429688,
          -0.015625,
          0.234375,
          0.140625,
          0.203125,
          0.234375,
          -0.0546875,
          0.1875,
          0.203125,
          0.203125,
          0.21875,
          0.15625,
          0.625,
          0.203125,
          0.46875,
          0.078125,
          0.5625,
          0.3125,
          0.5,
          0.25,
          0.0429688,
          0.25,
          0.0625,
          0.15625,
          -0.0214844,
          0.1875,
          0.0625,
          0.21875,
          0.0703125,
          0.0234375,
          -0.0175781,
          0.03125,
          0.1875,
          0.28125,
