{
  "name": "graph_aic",
  "input_tensor": [
    "2Fmodel2Fneck2Fout_convs2E02Fcna2Factivate2FRelu_output_0"
  ],
  "input_shape": [
    {
      "dim": [1,64,52,52],
      "dtype": "f16",
      "pack": 0
    }
  ],
  "output_tensor": [
    "2Fmodel2Fface2Fhead_module2Fcls_pred2E02FConv_output_0"
  ],
  "output_shape": [
    {
      "dim": [1,1,52,52],
      "dtype": "f16",
      "pack": 0
    }
  ],
  "layer": [
    {
      "inst_name": "/model/face/head_module/cls_pred.0/Conv_im_0",
      "type_name": "Conv2d",
      "bottom": [
        "2Fmodel2Fneck2Fout_convs2E02Fcna2Factivate2FRelu_output_0"
      ],
      "top": [
        "2Fmodel2Fface2Fhead_module2Fcls_pred2E02FConv_output_0"
      ],
      "hw": 1,
      "hw_acc": [5,10,15],
      "param": {
        "num_output": 1,
        "bias_term": 1,
        "group": 1,
        "pad_h": 0,
        "pad_w": 0,
        "kernel_h": 1,
        "kernel_w": 1,
        "stride_h": 1,
        "stride_w": 1,
        "dilation_h": 1,
        "dilation_w": 1,
        "num_input": 64,
        "padding_mode": 0
      },
      "data": {
        "coef": [
          -0.341726,
          0.104186,
          -0.396346,
          -1.47614,
          0.300384,
          0.57153,
          -0.225776,
          0.380354,
          0.438112,
          0.0349615,
          0.72378,
          0.147591,
          -0.0284389,
          0.0157706,
          0.0339819,
          0.0699514,
          -1.46682,
          0.0928714,
          -0.226565,
          -0.195612,
          -0.211056,
          0.0202534,
          -0.771655,
          -0.236437,
          0.150361,
          0.600802,
          -2.29992,
          -0.788828,
          -1.98596,
          -1.17966,
          0.0118432,
          0.221557,
          -1.1635,
          0.0848597,
          0.294821,
          -0.703649,
          -1.12375,
          -0.136553,
          -2.99959,
          0.407352,
          0.143805,
          0.238303,
          0.554682,
          0.146785,
          -0.0431093,
          1.04724,
          -0.55898,
          0.457131,
          -0.7697,
          0.733465,
          -0.466405,
          0.308644,
          0.545825,
          0.0121311,
          -1.71598,
          0.246116,
          -0.978621,
          0.244764,
          -0.211643,
          -0.14332,
          -0.00864922,
          0.00353898,
          0.124555,
          0.0801335
        ],
        "bias": [-4.65251],
        "factor_scale": [15360],
        "coef_dtype": 1,
        "coef_acc": [5,10,15],
        "input_dtype": 1,
        "input_acc": [5,10,15],
        "output_dtype": 1,
        "output_acc": [5,10,15]
      }
    }
  ]
}