{
  "name": "graph_aic",
  "input_tensor": [
    "2Fmodel2Fneck2Fout_convs2E12Fcna2Factivate2FRelu_output_0"
  ],
  "input_shape": [
    {
      "dim": [1,64,26,26],
      "dtype": "f16",
      "pack": 0
    }
  ],
  "output_tensor": [
    "2Fmodel2Fhead2Fhead_module2Fcls_pred2E12FConv_output_0"
  ],
  "output_shape": [
    {
      "dim": [1,1,26,26],
      "dtype": "f16",
      "pack": 0
    }
  ],
  "layer": [
    {
      "inst_name": "/model/head/head_module/cls_pred.1/Conv_im_0",
      "type_name": "Conv2d",
      "bottom": [
        "2Fmodel2Fneck2Fout_convs2E12Fcna2Factivate2FRelu_output_0"
      ],
      "top": [
        "2Fmodel2Fhead2Fhead_module2Fcls_pred2E12FConv_output_0"
      ],
      "hw": 1,
      "hw_acc": [5,10,15],
      "param": {
        "num_output": 1,
        "bias_term": 1,
        "group": 1,
        "pad_h": 0,
        "pad_w": 0,
        "kernel_h": 1,
        "kernel_w": 1,
        "stride_h": 1,
        "stride_w": 1,
        "dilation_h": 1,
        "dilation_w": 1,
        "num_input": 64,
        "padding_mode": 0
      },
      "data": {
        "coef": [
          -1.63053,
          0.13279,
          -2.3045,
          0.267359,
          -0.0634003,
          0.869804,
          0.192936,
          -0.387735,
          0.13975,
          0.0555843,
          0.160795,
          -0.0678285,
          0.52703,
          0.0931283,
          -0.0990376,
          -0.00575226,
          0.552429,
          -0.916843,
          -0.30922,
          -0.225146,
          -0.177058,
          -0.110625,
          0.205748,
          1.06791,
          0.00402891,
          0.0434347,
          1.1142,
          0.26731,
          -4.64174,
          -1.01138,
          -0.770225,
          0.0823448,
          -0.246617,
          -1.42421,
          -1.40665,
          -0.299912,
          -2.22709,
          -0.0266076,
          0.414491,
          -3.92138,
          -0.838068,
          -0.13971,
          -0.0315237,
          0.26281,
          -0.101057,
          0.117101,
          -0.0224086,
          0.282296,
          -0.0526664,
          -0.0327843,
          0.106724,
          0.439252,
          1.77222,
          0.103878,
          -0.0101394,
          -0.346332,
          0.203471,
          0.561192,
          0.510726,
          0.17023,
          0.223492,
          0.156284,
          0.270469,
          -0.475678
        ],
        "bias": [-2.22886],
        "factor_scale": [15360],
        "coef_dtype": 1,
        "coef_acc": [5,10,15],
        "input_dtype": 1,
        "input_acc": [5,10,15],
        "output_dtype": 1,
        "output_acc": [5,10,15]
      }
    }
  ]
}