{
  "name": "graph_aic",
  "input_tensor": [
    "2Fmodel2Fneck2Fout_convs2E22Fcna2Factivate2FRelu_output_0"
  ],
  "input_shape": [
    {
      "dim": [1,64,13,13],
      "dtype": "f16",
      "pack": 0
    }
  ],
  "output_tensor": [
    "2Fmodel2Fperson2Fhead_module2Fcls_pred2E22FConv_output_0"
  ],
  "output_shape": [
    {
      "dim": [1,1,13,13],
      "dtype": "f16",
      "pack": 0
    }
  ],
  "layer": [
    {
      "inst_name": "/model/person/head_module/cls_pred.2/Conv_im_0",
      "type_name": "Conv2d",
      "bottom": [
        "2Fmodel2Fneck2Fout_convs2E22Fcna2Factivate2FRelu_output_0"
      ],
      "top": [
        "2Fmodel2Fperson2Fhead_module2Fcls_pred2E22FConv_output_0"
      ],
      "hw": 1,
      "hw_acc": [5,10,15],
      "param": {
        "num_output": 1,
        "bias_term": 1,
        "group": 1,
        "pad_h": 0,
        "pad_w": 0,
        "kernel_h": 1,
        "kernel_w": 1,
        "stride_h": 1,
        "stride_w": 1,
        "dilation_h": 1,
        "dilation_w": 1,
        "num_input": 64,
        "padding_mode": 0
      },
      "data": {
        "coef": [
          0.604275,
          -0.0477054,
          0.141198,
          0.377841,
          -0.198915,
          0.0486197,
          1.54238,
          0.462144,
          0.22635,
          0.245935,
          -0.0936275,
          0.105122,
          0.0822566,
          0.22396,
          0.0136809,
          0.0235073,
          0.217743,
          0.0619276,
          -0.0917464,
          -0.0260623,
          -1.6584,
          0.104184,
          -0.414628,
          0.360272,
          -0.0481067,
          -0.155745,
          -1.09789,
          -0.0174561,
          0.152978,
          -0.0530191,
          0.249463,
          0.0270659,
          0.164182,
          0.594914,
          0.0550434,
          0.225817,
          0.0775405,
          -1.98729,
          0.254906,
          -1.34459,
          -0.175722,
          0.305619,
          0.205096,
          0.511174,
          0.339427,
          0.169604,
          0.339037,
          -1.49117,
          0.00863498,
          0.265395,
          -1.22236,
          0.170851,
          0.0541071,
          0.0470206,
          0.000444873,
          -5.03303,
          -0.0108886,
          -0.741633,
          -0.0228268,
          0.551196,
          0.226913,
          0.298313,
          -2.42677,
          0.203963
        ],
        "bias": [-1.5797],
        "factor_scale": [15360],
        "coef_dtype": 1,
        "coef_acc": [5,10,15],
        "input_dtype": 1,
        "input_acc": [5,10,15],
        "output_dtype": 1,
        "output_acc": [5,10,15]
      }
    }
  ]
}