{
  "name": "graph_aic",
  "input_tensor": [
    "2Fmodel2Fneck2Fout_convs2E12Fcna2Factivate2FRelu_output_0"
  ],
  "input_shape": [
    {
      "dim": [1,64,26,26],
      "dtype": "f16",
      "pack": 0
    }
  ],
  "output_tensor": [
    "2Fmodel2Fpet2Fhead_module2Fcls_pred2E12FConv_output_0"
  ],
  "output_shape": [
    {
      "dim": [1,1,26,26],
      "dtype": "f16",
      "pack": 0
    }
  ],
  "layer": [
    {
      "inst_name": "/model/pet/head_module/cls_pred.1/Conv_im_0",
      "type_name": "Conv2d",
      "bottom": [
        "2Fmodel2Fneck2Fout_convs2E12Fcna2Factivate2FRelu_output_0"
      ],
      "top": [
        "2Fmodel2Fpet2Fhead_module2Fcls_pred2E12FConv_output_0"
      ],
      "hw": 1,
      "hw_acc": [5,10,15],
      "param": {
        "num_output": 1,
        "bias_term": 1,
        "group": 1,
        "pad_h": 0,
        "pad_w": 0,
        "kernel_h": 1,
        "kernel_w": 1,
        "stride_h": 1,
        "stride_w": 1,
        "dilation_h": 1,
        "dilation_w": 1,
        "num_input": 64,
        "padding_mode": 0
      },
      "data": {
        "coef": [
          -1.67516,
          -0.132336,
          0.749945,
          0.337974,
          -0.111135,
          -0.357005,
          -0.0512481,
          -0.39681,
          -0.274168,
          -0.197463,
          0.318729,
          0.220581,
          -1.97969,
          -0.0459346,
          0.0873644,
          -0.178999,
          0.0889323,
          0.079606,
          1.16925,
          -0.0328609,
          1.13159,
          -0.189157,
          0.164649,
          0.926847,
          -0.0732566,
          0.00667731,
          -3.08447,
          0.501554,
          -0.64623,
          -0.430718,
          -0.16815,
          -0.011074,
          0.526853,
          -1.21374,
          -0.244201,
          0.0888314,
          -0.974169,
          -0.180754,
          0.487618,
          0.12019,
          0.00497198,
          -0.408867,
          -0.045054,
          0.0576806,
          -0.084153,
          0.495562,
          0.255229,
          0.214926,
          -0.0285472,
          0.24951,
          -0.376432,
          0.791127,
          1.05913,
          -0.174834,
          -0.0711726,
          -0.367355,
          0.128414,
          -0.0628265,
          -0.0957703,
          0.168713,
          0.116991,
          -0.00578499,
          0.0239409,
          -0.180379
        ],
        "bias": [-3.78494],
        "factor_scale": [15360],
        "coef_dtype": 1,
        "coef_acc": [5,10,15],
        "input_dtype": 1,
        "input_acc": [5,10,15],
        "output_dtype": 1,
        "output_acc": [5,10,15]
      }
    }
  ]
}