{
  "name": "graph_aic",
  "input_tensor": [
    "PPQ_Variable_24"
  ],
  "input_shape": [
    {
      "dim": [1,3,640,640],
      "dtype": "f8",
      "hw_acc": [4,3,7],
      "pack": 0
    }
  ],
  "output_tensor": [
    "176"
  ],
  "output_shape": [
    {
      "dim": [1,16,320,320],
      "dtype": "f16",
      "pack": 0
    }
  ],
  "layer": [
    {
      "inst_name": "Conv_0_im_0",
      "type_name": "Conv2d",
      "bottom": [
        "PPQ_Variable_24"
      ],
      "top": [
        "176"
      ],
      "hw": 3,
      "hw_acc": [4,3,7],
      "param": {
        "num_output": 16,
        "bias_term": 1,
        "group": 1,
        "pad_h": 1,
        "pad_w": 1,
        "kernel_h": 3,
        "kernel_w": 3,
        "stride_h": 2,
        "stride_w": 2,
        "dilation_h": 1,
        "dilation_w": 1,
        "num_input": 3,
        "padding_mode": 0
      },
      "data": {
        "coef": [
          -2.75,
          -0.40625,
          3.5,
          -7,
          -0.9375,
          7.5,
          -5,
          -0.40625,
          5.5,
          -3.25,
          -0.46875,
          4,
          -8,
          -1.375,
          8,
          -4,
          -0.15625,
          5,
          -1.125,
          -0.203125,
          0.9375,
          -3.25,
          -0.125,
          3.25,
          -1.625,
          0.3125,
          2,
          -4.5,
          -3,
          -1,
          -4,
          -5,
          -3,
          -1.875,
          -2.5,
          -1.25,
          2.25,
          1,
          0.5625,
          1.25,
          0.75,
          0.4375,
          0.3125,
          -0.171875,
          -0.28125,
          2.5,
          2,
          0.6875,
          3,
          3.75,
          2.25,
          1.75,
          2.5,
          1.375,
          3.5,
          0.5,
          -3.25,
          7.5,
          0.5,
          -8,
          5.5,
          0.09375,
          -6,
          3.5,
          0.40625,
          -3.75,
          8,
          0.203125,
          -9,
          5,
          0.34375,
          -5,
          0.9375,
          0.0195312,
          -1.375,
          3.5,
          0.40625,
          -4,
          2.25,
          0.5,
          -2,
          -0.8125,
          3.25,
          -4.5,
          -3,
          9,
          -4.5,
          -4.5,
          4.5,
          0.34375,
          1,
          5.5,
          -6,
          -3.5,
          11,
          -5.5,
          -6,
          4.5,
          -0.9375,
          -0.28125,
          1.5,
          -2.25,
          -1.375,
          4,
          -1.75,
          -1.75,
          2,
          -0.34375,
          0.75,
          -1.25,
          0.3125,
          -1.875,
          -10,
          -1.25,
          0.6875,
          -1,
          1.375,
          0.28125,
          -2,
          0.8125,
          -2,
          -12,
          -2,
          -0.171875,
          -1.5,
          0.5625,
          0.3125,
          -1.375,
          -0.09375,
          0.109375,
          -5,
          -0.234375,
          -0.101562,
          -0.8125,
          1.5,
          1.625,
          2,
          0.9375,
          2.25,
          4,
          2.5,
          1.375,
          2.5,
          1.5,
          -0.8125,
          -1.125,
          -0.5625,
          -1.25,
          -1.875,
          -1.375,
          -0.875,
          -1.625,
          -1.25,
          -1,
          -0.875,
          -0.5,
          -1.125,
          -1.75,
          -1.25,
          -0.75,
          -1.125,
          -0.4375,
          3.75,
          8,
          4.5,
          -7.5,
          -16,
          -11,
          3.5,
          8,
          6,
          4.5,
          9,
          6,
          -9,
          -18,
          -12,
          4.5,
          9,
          6.5,
          2.25,
          5.5,
          3.25,
          -2.75,
          -8,
          -5,
          0.28125,
          3,
          1.375,
          3.5,
          7.5,
          5,
          0.375,
          0.5,
          0.5,
          -4,
          -8,
          -5,
          3.5,
          8,
          5,
          0.078125,
          -0.40625,
          0.203125,
          -3.5,
          -9,
          -4.5,
          1.125,
          3.5,
          1.625,
          -0.140625,
          -0.171875,
          0.140625,
          -1,
          -3.75,
          -1.375,
          4,
          -3.25,
          -1.625,
          5,
          -7.5,
          1.875,
          1,
          -5.5,
          4.5,
          6.5,
          -3,
          -1.875,
          6,
          -9,
          1.75,
          1.25,
          -5.5,
          4.5,
          1.5,
          -0.875,
          -0.25,
          2,
          -3.25,
          0.4375,
          0.75,
          -2.25,
          1.375,
          -0.625,
          0.6875,
          -0.117188,
          0.875,
          2,
          0.46875,
          0.3125,
          2,
          0.5625,
          -2.25,
          -4,
          -2.5,
          -2.75,
          -5.5,
          -4,
          -1.125,
          -3.75,
          -2,
          1.75,
          4,
          3.5,
          2,
          3.75,
          3,
          0.75,
          1.25,
          1.375,
          -3.75,
          -7,
          -4.5,
          -0.234375,
          -0.40625,
          -0.0429688,
          4,
          8,
          5,
          -3.25,
          -8,
          -4,
          -0.109375,
          -0.6875,
          -0.21875,
          3.5,
          8,
          4.5,
          -1,
          -3.5,
          -1.375,
          -0.234375,
          -0.5,
          -0.40625,
          1.375,
          4,
          1.75,
          3,
          1.25,
          -0.21875,
          1,
          -1,
          -4.5,
          0.3125,
          -3.25,
          -9,
          -1.5,
          -0.8125,
          0.000488281,
          -0.40625,
          1,
          2.25,
          0.25,
          2,
          4,
          -1.5,
          -0.40625,
          -0.15625,
          -0.625,
          0.625,
          2.25,
          -0.5625,
          1.5,
          5.5,
          -4.5,
          -9,
          -6.5,
          6.5,
          14,
          10,
          -1.625,
          -5.5,
          -3.5,
          -3.5,
          -8,
          -5.5,
          7.5,
          18,
          12,
          -4.5,
          -9,
          -6.5,
          -1.125,
          -4,
          -2,
          3.5,
          9,
          5.5,
          -1.875,
          -5,
          -3.75,
          0.21875,
          0.5,
          1.125,
          0.5,
          -1.625,
          -1.625,
          1,
          -1.875,
          -1.875,
          -0.6875,
          0.234375,
          0.4375,
          0.234375,
          -1.25,
          -1.25,
          0.0585938,
          -1.875,
          -2.25,
          -0.875,
          -0.125,
          -0.625,
          -0.34375,
          0.46875,
          0.21875,
          -0.5625,
          -0.46875,
          -1,
          -1.5,
          -1.125,
          -0.5,
          -1.125,
          0.6875,
          0.9375,
          -0.6875,
          2.25,
          3,
          -0.6875,
          -1.5,
          -1,
          -0.6875,
          0.5625,
          0.75,
          -0.25,
          2.25,
          2.75,
          0.625,
          -0.0214844,
          -0.125,
          -0.140625,
          0.8125,
          0.15625,
          -0.8125,
          1,
          0.25,
          -1.375,
          -1.125,
          -0.5625,
          -1.375,
          -1.625,
          -1.25,
          -1.5,
          -2.5,
          -1.75,
          1.375,
          3.25,
          1.875,
          3,
          6,
          3,
          2.75,
          5,
          2.5,
          -1.125,
          -2.25,
          -0.6875,
          -2,
          -3.75,
          -2,
          -1.125,
          -2.25,
          -0.8125
        ],