{
  "name": "graph_aic",
  "input_tensor": [
    "2Fmodel2Fneck2Fout_convs2E12Fcna2Factivate2FRelu_output_0"
  ],
  "input_shape": [
    {
      "dim": [1,64,26,26],
      "dtype": "f16",
      "pack": 0
    }
  ],
  "output_tensor": [
    "2Fmodel2Fperson2Fhead_module2Fkpt_pred2E12Fkpt_pred2E12E02Fdepthwise_conv2Fconv2FConv_output_0"
  ],
  "output_shape": [
    {
      "dim": [1,64,26,26],
      "dtype": "f16",
      "pack": 0
    }
  ],
  "layer": [
    {
      "inst_name": "/model/person/head_module/kpt_pred.1/kpt_pred.1.0/depthwise_conv/conv/Conv_im_0",
      "type_name": "Wino2d",
      "bottom": [
        "2Fmodel2Fneck2Fout_convs2E12Fcna2Factivate2FRelu_output_0"
      ],
      "top": [
        "2Fmodel2Fperson2Fhead_module2Fkpt_pred2E12Fkpt_pred2E12E02Fdepthwise_conv2Fconv2FConv_output_0"
      ],
      "hw": 1,
      "hw_acc": [5,10,15],
      "param": {
        "num_output": 64,
        "bias_term": 1,
        "group": 64,
        "pad_h": 1,
        "pad_w": 1,
        "kernel_h": 3,
        "kernel_w": 3,
        "stride_h": 1,
        "stride_w": 1,
        "dilation_h": 1,
        "dilation_w": 1,
        "num_input": 64,
        "padding_mode": 0
      },
      "data": {
        "coef": [
          0.0282801,
          -0.0834257,
          0.00131849,
          0.0290244,
          -0.151357,
          -0.00522182,
          -0.0778632,
          -0.172807,
          -0.0261775,
          -0.00732767,
          0.497414,
          0.879185,
          0.071492,
          0.582167,
          1.69818,
          -0.144099,
          0.258177,
          1.79397,
          -0.00814439,
          0.0280834,
          -0.0614309,
          -0.10212,
          -0.196108,
          -0.116954,
          -0.086017,
          -0.84177,
          -0.108586,
          -0.0323501,
          0.0733705,
          -0.0223761,
          0.225657,
          -3.59087,
          0.204846,
          -0.000430039,
          0.319038,
          0.000401396,
          0.0279873,
          -1.13726,
          -0.0263779,
          0.16581,
          0.332121,
          0.0907037,
          -0.115384,
          0.538046,
          -0.1984,
          -0.0469055,
          4.00972,
          0.24023,
          -0.129767,
          2.52426,
          -0.0351048,
          0.0724339,
          0.0497792,
          0.202847,
          -0.808024,
          4.99076,
          -0.983458,
          0.854669,
          8.55967,
          -0.580627,
          0.477823,
          1.09886,
          0.894817,
          -0.10089,
          -0.965093,
          -0.0622068,
          0.00114602,
          6.23682,
          0.00257479,
          0.473792,
          0.0139842,
          0.371088,
          -0.093578,
          -0.198742,
          -0.00431222,
          0.00634449,
          -0.574299,
          0.0456561,
          0.000918863,
          -0.348593,
          0.0742006,
          -0.293981,
          3.9628,
          -0.151213,
          -0.677729,
          5.21956,
          -0.147368,
          0.0313582,
          -0.148639,
          0.0090587,
          -0.0405174,
          0.133782,
          0.0398342,
          -0.0879228,
          1.20465,
          -0.00415876,
          -0.0408697,
          -0.172862,
          6.32987e-05,
          -0.771058,
          12.3698,
          -0.126074,
          -0.471221,
          13.5338,
          2.15316,
          -0.400973,
          3.41259,
          0.271135,
          0.0547733,
          -1.82329,
          -0.241042,
          -0.689175,
          4.26496,
          -0.424171,
          -0.128864,
          0.878229,
          0.350033,
          -0.0608077,
          -0.0152773,
          0.0113168,
          -0.00594013,
          -0.90487,
          -0.0510355,
          -0.0328408,
          0.0639944,
          -0.0152788,
          1.24286,
          21.6461,
          -1.19643,
          -0.870243,
          -1.18164,
          0.252038,
          0.186806,
          -0.210246,
          -0.0477922,
          -0.00780434,
          -0.506874,
          0.030108,
          -0.0285807,
          -0.785721,
          -0.0517279,
          -0.0561321,
          -0.375811,
          -0.0105184,
          -0.324472,
          -1.4892,
          0.53686,
          -0.558534,
          11.0336,
          1.0078,
          0.321546,
          1.89422,
          0.66413,
          0.894914,
          0.866123,
          0.767077,
          1.00572,
          5.29476,
          0.513187,
          -0.285333,
          3.42115,
          -0.417598,
          0.00641915,
          0.229784,
          -0.0147172,
          -0.0165762,
          0.221003,
          -0.00363994,
          -0.0286544,
          -0.00110688,
          0.0383734,
          -0.189361,
          -0.0877241,
          -0.089711,
          -0.030445,
          1.60925,
          0.12266,
          0.0308073,
          -0.0771069,
          -0.0282624,
          -0.387133,
          3.03487,
          0.257125,
          -0.35927,
          3.52415,
          0.13831,
          0.0225409,
          1.1991,
          -0.0117276,
          -0.0501605,
          0.0204909,
          0.254672,
          0.404018,
          3.14207,
          -0.500979,
          0.162684,
          0.0919843,
          0.255198,
          -0.2949,
          -1.54598,
          -0.260439,
          0.479618,
          0.275739,
          0.236399,
          0.941499,
          23.3352,
          1.72483,
          -0.0524942,
          4.6406,
          -0.371829,
          -0.286344,
          12.5679,
          -0.504427,
          0.338372,
          -2.15854,
          0.585576,
          -0.057563,
          0.0299685,
          -0.0470565,
          -0.0270433,
          0.834912,
          0.029694,
          -0.000812976,
          0.00615321,
          0.0635584,
          0.189464,
          -0.930573,
          0.101596,
          0.00295984,
          -1.30494,
          -0.0259994,
          0.0662554,
          -0.24876,
          0.0411699,
          -1.44662,
          0.585641,
          0.081891,
          2.65207,
          1.82862,
          -0.395296,
          -0.471275,
          -0.724853,
          -0.789685,
          0.932866,
          -10.3737,
          2.87086,
          1.11463,
          -24.9845,
          -1.13945,
          -0.728188,
          4.37195,
          0.369276,
          -0.00846921,
          -0.0839543,
          -0.0277758,
          -0.00121136,
          -0.0361444,
          -0.0141914,
          -0.00356502,
          -0.0236531,
          -0.0218373,
          0.197203,
          1.98643,
          -0.215055,
          0.261822,
          1.80797,
          -0.149205,
          0.178805,
          0.69933,
          -0.061862,
          -0.123046,
          0.762163,
          2.51376,
          0.00381072,
          0.907272,
          3.47391,
          0.0342164,
          0.542599,
          2.56052,
          -0.0153324,
          -0.257516,
          -0.0357769,
          0.0157693,
          2.17601,
          -0.120652,
          -0.0275483,
          -0.433653,
          0.063066,
          0.134166,
          -0.941413,
          23.2798,
          -0.14495,
          0.237401,
          -0.354871,
          0.251958,
          -0.0859112,
          0.0721645,
          -0.0147641,
          -0.0594548,
          0.00371523,
          -0.00368727,
          -0.0387138,
          -0.00244277,
          0.0207475,
          0.00602204,
          0.00713654,
          -0.286591,
          16.9723,
          -0.846858,
          0.337141,
          -1.34701,
          0.0754848,
          -0.133434,
          -0.155641,
          0.0425231,
          0.00206091,
          2.56675,
          0.161076,
          -0.0438295,
          1.02598,
          -0.0788502,
          0.0476913,
          0.413855,
          -0.0230632,
          -0.00206084,
          -0.00414189,
          -0.000274161,
