{
  "name": "graph_aic",
  "input_tensor": [
    "2Fmodel2Fneck2Fout_convs2E02Fcna2Factivate2FRelu_output_0"
  ],
  "input_shape": [
    {
      "dim": [1,64,52,52],
      "dtype": "f16",
      "pack": 0
    }
  ],
  "output_tensor": [
    "2Fmodel2Fperson2Fhead_module2Fkpt_pred2E02Fkpt_pred2E02E02Fdepthwise_conv2Fconv2FConv_output_0"
  ],
  "output_shape": [
    {
      "dim": [1,64,52,52],
      "dtype": "f16",
      "pack": 0
    }
  ],
  "layer": [
    {
      "inst_name": "/model/person/head_module/kpt_pred.0/kpt_pred.0.0/depthwise_conv/conv/Conv_im_0",
      "type_name": "Wino2d",
      "bottom": [
        "2Fmodel2Fneck2Fout_convs2E02Fcna2Factivate2FRelu_output_0"
      ],
      "top": [
        "2Fmodel2Fperson2Fhead_module2Fkpt_pred2E02Fkpt_pred2E02E02Fdepthwise_conv2Fconv2FConv_output_0"
      ],
      "hw": 1,
      "hw_acc": [5,10,15],
      "param": {
        "num_output": 64,
        "bias_term": 1,
        "group": 64,
        "pad_h": 1,
        "pad_w": 1,
        "kernel_h": 3,
        "kernel_w": 3,
        "stride_h": 1,
        "stride_w": 1,
        "dilation_h": 1,
        "dilation_w": 1,
        "num_input": 64,
        "padding_mode": 0
      },
      "data": {
        "coef": [
          -2.07217,
          0.761033,
          -0.230041,
          -0.317292,
          4.66971,
          0.257446,
          -0.706302,
          -0.913877,
          0.602401,
          -0.0190352,
          -1.41862,
          0.245842,
          -0.125826,
          3.27768,
          -0.732395,
          -0.192029,
          1.01244,
          -0.167723,
          0.682379,
          7.61379,
          4.83849,
          0.537831,
          2.49778,
          1.10805,
          0.651715,
          3.97789,
          2.5481,
          -0.198343,
          1.27723,
          0.00286555,
          0.0555935,
          1.41034,
          0.225298,
          0.150812,
          0.497769,
          0.0590495,
          -0.0432799,
          -0.0191783,
          -0.142203,
          -0.00303378,
          -0.474801,
          -0.0493403,
          -0.150557,
          -1.05582,
          -0.0650375,
          0.426332,
          1.4197,
          -0.406951,
          -0.0920532,
          0.921723,
          0.155457,
          -0.778597,
          -0.767496,
          0.0201374,
          0.0555631,
          -0.101115,
          -0.00398851,
          -0.0112176,
          3.09842,
          -0.334098,
          0.104442,
          2.02962,
          -0.0219262,
          -0.919023,
          -1.49404,
          -1.53151,
          0.0559017,
          -0.786237,
          0.762488,
          -0.560521,
          0.315977,
          0.898547,
          -0.0660574,
          -1.65149,
          -0.0711911,
          0.0202058,
          -1.70706,
          0.293891,
          -0.0174788,
          -0.322668,
          -0.000424429,
          -0.0780455,
          -0.336203,
          0.0409448,
          0.000572206,
          -0.884203,
          0.00310254,
          -0.0249809,
          -0.0794888,
          0.00420607,
          1.49032,
          -3.70034,
          0.164834,
          -0.0543684,
          -7.1227,
          0.242702,
          -1.82812,
          0.645714,
          0.161993,
          0.0541451,
          -0.093695,
          0.00871985,
          -0.0846771,
          -0.730212,
          0.0137823,
          0.0274353,
          -0.619865,
          0.069426,
          0.0504428,
          -0.68528,
          0.0850094,
          0.13177,
          -1.25948,
          0.0986284,
          0.0281623,
          -0.608423,
          0.0925711,
          0.111189,
          0.740154,
          -0.110471,
          -0.379024,
          2.61274,
          -0.258654,
          -0.0556519,
          -1.40239,
          0.0347699,
          0.496624,
          -0.183033,
          -0.00329523,
          0.383391,
          -0.242551,
          -0.086156,
          0.392142,
          -0.29535,
          -0.0927047,
          -0.17967,
          0.0834589,
          0.00991276,
          -0.0754517,
          2.19554,
          0.0861241,
          -0.0457833,
          -0.196941,
          -0.0616549,
          -0.25173,
          2.2757,
          0.687091,
          0.0435203,
          4.49327,
          -0.410616,
          0.295115,
          2.83848,
          -0.842263,
          0.0841157,
          0.0539074,
          -0.408018,
          -0.0394183,
          1.44235,
          0.146795,
          -0.190866,
          0.171837,
          0.128299,
          -0.548376,
          -2.09668,
          -0.378459,
          -0.703256,
          -1.71433,
          -0.207369,
          -0.706753,
          -1.16558,
          -0.109081,
          -0.018155,
          -0.0952509,
          -0.111834,
          -0.0085518,
          1.95788,
          -0.107053,
          0.00983414,
          0.0321191,
          -0.148681,
          0.766034,
          -2.24283,
          -0.421368,
          -0.763028,
          7.88268,
          -1.71232,
          0.213012,
          2.35055,
          -2.9541,
          -0.0513322,
          -0.6263,
          0.0292558,
          0.0979105,
          -0.981848,
          0.105308,
          -0.0158137,
          -0.254516,
          -0.185267,
          -0.18047,
          0.0222981,
          -0.445196,
          0.0250702,
          0.0264475,
          -0.0880454,
          0.171736,
          0.34947,
          0.214338,
          0.608476,
          -5.74602,
          -0.595331,
          0.109286,
          10.3703,
          0.0636413,
          0.0970981,
          0.865957,
          0.0119533,
          0.549202,
          0.76112,
          0.378093,
          0.146852,
          0.270714,
          0.194832,
          0.196703,
          0.378773,
          0.320885,
          0.481967,
          -3.41661,
          -0.684013,
          1.12648,
          16.5348,
          2.02083,
          0.834722,
          2.90529,
          1.21559,
          0.048539,
          -0.325663,
          -0.141922,
          0.0591972,
          -0.86134,
          -0.0108058,
          0.000859611,
          -0.424002,
          -0.236976,
          0.532486,
          0.0747016,
          0.166165,
          0.133566,
          -0.370043,
          -0.0105157,
          0.30051,
          -0.114843,
          0.398766,
          0.249905,
          4.82337,
          3.98692,
          0.224949,
          -0.0778723,
          -0.391969,
          0.252059,
          3.5085,
          2.74532,
          -0.525418,
          4.68391,
          0.0643685,
          -0.0865559,
          -0.730275,
          -0.482253,
          0.0520824,
          0.137057,
          -0.0619998,
          0.0871834,
          0.497632,
          0.0161734,
          0.0573654,
          0.29695,
          -0.013293,
          -0.0390435,
          -0.0406989,
          0.00745181,
          -0.354157,
          -1.49179,
          -0.411592,
          -0.00931451,
          -0.385995,
          -0.137013,
          -0.0455582,
          -0.419975,
          -0.296805,
          0.00892733,
          -0.0945843,
          -0.0101066,
          0.00176076,
          -0.101037,
          -0.0171167,
          0.00324506,
          -0.0197259,
          0.00946595,
          0.10521,
          -0.750412,
          -4.50815,
          0.104766,
          0.591491,
          0.101968,
          -0.0180587,
          -0.181913,
          -2.52304,
          0.267961,
          0.234891,
          0.0632575,
          0.138466,
          0.588535,
          -0.00299218,
          0.109933,
          0.149536,
          0.1823,
          -0.264996,
          -3.80574,
          -2.38702,
          -0.158133,
          -1.28207,
          -0.700994,
          -0.741196,
          -2.62259,
          -1.82023,
          -0.144901,
          -0.803472,
          0.011305,
          -0.176504,
