{
  "name": "graph_aic",
  "input_tensor": [
    "2Fmodel2Fneck2Fout_convs2E02Fcna2Factivate2FRelu_output_0"
  ],
  "input_shape": [
    {
      "dim": [1,64,52,52],
      "dtype": "f16",
      "pack": 0
    }
  ],
  "output_tensor": [
    "2Fmodel2Fpet2Fhead_module2Fcls_pred2E02FConv_output_0"
  ],
  "output_shape": [
    {
      "dim": [1,1,52,52],
      "dtype": "f16",
      "pack": 0
    }
  ],
  "layer": [
    {
      "inst_name": "/model/pet/head_module/cls_pred.0/Conv_im_0",
      "type_name": "Conv2d",
      "bottom": [
        "2Fmodel2Fneck2Fout_convs2E02Fcna2Factivate2FRelu_output_0"
      ],
      "top": [
        "2Fmodel2Fpet2Fhead_module2Fcls_pred2E02FConv_output_0"
      ],
      "hw": 1,
      "hw_acc": [5,10,15],
      "param": {
        "num_output": 1,
        "bias_term": 1,
        "group": 1,
        "pad_h": 0,
        "pad_w": 0,
        "kernel_h": 1,
        "kernel_w": 1,
        "stride_h": 1,
        "stride_w": 1,
        "dilation_h": 1,
        "dilation_w": 1,
        "num_input": 64,
        "padding_mode": 0
      },
      "data": {
        "coef": [
          0.148119,
          0.0436264,
          0.408765,
          0.440048,
          0.34096,
          -2.59444,
          0.193587,
          0.827311,
          0.566382,
          -0.10072,
          0.394204,
          -0.361404,
          -0.104489,
          0.0476684,
          0.592564,
          -0.0214303,
          0.15454,
          -0.0818896,
          0.287549,
          -0.000537027,
          0.256849,
          -1.36434,
          -0.958494,
          -0.651595,
          -0.280047,
          0.241145,
          0.00422429,
          -0.500385,
          0.147715,
          -0.0682783,
          1.40454,
          0.00801811,
          -0.977735,
          0.455298,
          0.306808,
          0.309705,
          -0.0222242,
          0.0335186,
          -0.498354,
          0.110575,
          -0.407778,
          0.115922,
          -0.243279,
          -0.366862,
          0.196048,
          0.658487,
          -0.144355,
          0.199992,
          0.249476,
          -0.126557,
          0.521905,
          -0.779564,
          -0.164182,
          -0.121695,
          -0.415696,
          -0.625812,
          -0.386569,
          -0.237084,
          0.949753,
          0.145278,
          -0.725196,
          -0.409531,
          0.232814,
          0.00144827
        ],
        "bias": [-6.41747],
        "factor_scale": [15360],
        "coef_dtype": 1,
        "coef_acc": [5,10,15],
        "input_dtype": 1,
        "input_acc": [5,10,15],
        "output_dtype": 1,
        "output_acc": [5,10,15]
      }
    }
  ]
}