{
  "name": "graph_aic",
  "input_tensor": [
    "2Fmodel2Fneck2Fout_convs2E22Fcna2Factivate2FRelu_output_0"
  ],
  "input_shape": [
    {
      "dim": [1,64,13,13],
      "dtype": "f16",
      "pack": 0
    }
  ],
  "output_tensor": [
    "2Fmodel2Fperson2Fhead_module2Fkpt_pred2E22Fkpt_pred2E22E02Fdepthwise_conv2Fconv2FConv_output_0"
  ],
  "output_shape": [
    {
      "dim": [1,64,13,13],
      "dtype": "f16",
      "pack": 0
    }
  ],
  "layer": [
    {
      "inst_name": "/model/person/head_module/kpt_pred.2/kpt_pred.2.0/depthwise_conv/conv/Conv_im_0",
      "type_name": "Wino2d",
      "bottom": [
        "2Fmodel2Fneck2Fout_convs2E22Fcna2Factivate2FRelu_output_0"
      ],
      "top": [
        "2Fmodel2Fperson2Fhead_module2Fkpt_pred2E22Fkpt_pred2E22E02Fdepthwise_conv2Fconv2FConv_output_0"
      ],
      "hw": 1,
      "hw_acc": [5,10,15],
      "param": {
        "num_output": 64,
        "bias_term": 1,
        "group": 64,
        "pad_h": 1,
        "pad_w": 1,
        "kernel_h": 3,
        "kernel_w": 3,
        "stride_h": 1,
        "stride_w": 1,
        "dilation_h": 1,
        "dilation_w": 1,
        "num_input": 64,
        "padding_mode": 0
      },
      "data": {
        "coef": [
          0.17455,
          -1.38736,
          0.117727,
          0.861708,
          -2.52596,
          0.425387,
          -0.0277196,
          19.3109,
          0.257099,
          0.143494,
          0.640416,
          0.214454,
          -0.0885965,
          1.42241,
          0.266368,
          -0.300744,
          1.75908,
          0.291284,
          0.712099,
          -6.21166,
          0.288068,
          0.830397,
          -21.894,
          0.625977,
          -0.278174,
          1.70798,
          -0.323099,
          -0.0861152,
          1.95087,
          1.84184,
          0.0457152,
          0.181135,
          -0.0736014,
          -0.0144631,
          2.38221,
          2.00606,
          -0.172776,
          3.18143,
          0.122896,
          0.365294,
          3.06455,
          -0.0309073,
          0.55524,
          0.937216,
          0.0762316,
          -0.011705,
          0.0251488,
          0.0902593,
          -0.00897252,
          -0.103969,
          -0.753775,
          -0.0151704,
          -0.0174282,
          0.0505571,
          -0.259583,
          -0.497584,
          -0.0558803,
          -0.305765,
          -0.898457,
          -0.247759,
          0.0236309,
          -0.38551,
          0.13341,
          3.79548,
          18.742,
          -0.495148,
          0.363883,
          0.612409,
          0.192035,
          0.0949377,
          -0.172729,
          -0.0325177,
          -0.0356867,
          -0.538307,
          -0.34382,
          -0.109633,
          -1.64603,
          -0.306138,
          -0.176451,
          -2.0691,
          -0.672198,
          -0.0132553,
          -0.114698,
          -0.0936338,
          -0.041142,
          -0.0479611,
          0.03062,
          0.210281,
          0.421643,
          -0.109185,
          0.248562,
          3.09069,
          0.824649,
          0.317107,
          2.62196,
          1.17027,
          -0.153297,
          1.74754,
          0.134067,
          -0.0306706,
          -0.0553355,
          4.25201,
          0.00267905,
          -0.175586,
          -0.464194,
          0.0091357,
          0.0484171,
          0.138857,
          -0.00227654,
          -0.0400305,
          6.41232e-05,
          0.00622,
          0.358379,
          0.000944123,
          -0.00558788,
          -0.0907018,
          0.00736033,
          0.0562376,
          -0.0991512,
          -0.0645911,
          -0.062732,
          2.06496,
          -0.144036,
          0.645908,
          3.81477,
          0.998682,
          -0.00360726,
          0.0495944,
          -0.00423532,
          0.00696368,
          -0.444939,
          0.00363189,
          -0.00265015,
          -0.0814147,
          -0.00229486,
          -0.0990166,
          -0.236709,
          0.100752,
          -0.103057,
          -0.759524,
          0.10556,
          -0.000196673,
          0.273499,
          0.0482973,
          0.925045,
          5.18405,
          1.97463,
          0.825814,
          5.71664,
          0.841298,
          -0.0659688,
          1.94736,
          0.3297,
          -0.759458,
          -0.390278,
          -0.5853,
          -0.328887,
          -6.17779,
          -0.994559,
          0.422675,
          -5.3859,
          -0.138,
          0.00258929,
          -0.0476891,
          0.00418964,
          0.00838008,
          -0.34384,
          0.010981,
          -0.00625787,
          0.0270803,
          0.00013025,
          0.417964,
          2.18871,
          0.582303,
          0.272392,
          11.0052,
          -0.725781,
          0.513207,
          2.40767,
          0.332784,
          -0.0451963,
          -0.0210079,
          -0.0485958,
          -0.0719849,
          0.0309333,
          -0.0403127,
          -0.0143596,
          -0.00584647,
          -0.0121474,
          -0.00903561,
          -0.0411433,
          -0.00784099,
          0.00698711,
          -0.296247,
          0.00225582,
          0.00888702,
          -0.0277655,
          0.0268021,
          -0.01808,
          -0.235244,
          -0.0739497,
          0.116405,
          1.35526,
          0.0201078,
          0.0382031,
          -0.13445,
          -0.0218114,
          0.451801,
          -3.03805,
          0.208291,
          -2.59235,
          -1.9612,
          -2.67406,
          -0.961144,
          -0.811949,
          -1.05706,
          0.0392874,
          0.0179126,
          -0.00819949,
          -0.00284889,
          0.591219,
          -0.046458,
          0.0172958,
          -0.0321985,
          -0.0492256,
          -0.302975,
          3.40709,
          0.611537,
          -0.239948,
          4.48716,
          0.901765,
          0.125408,
          2.08437,
          0.459852,
          0.13216,
          -0.0466346,
          0.0691403,
          -0.440197,
          0.132806,
          0.0169656,
          -0.0590052,
          1.16269,
          -0.637959,
          0.548009,
          4.73731,
          0.943629,
          -0.190327,
          6.80607,
          0.502383,
          0.297258,
          1.53105,
          0.775683,
          -0.612024,
          0.041774,
          0.154945,
          -0.3845,
          -9.73504,
          -0.994583,
          -0.633654,
          -4.75975,
          -0.785743,
          0.0110013,
          -0.0555407,
          -0.000438998,
          0.0265022,
          -0.543919,
          -0.011295,
          -0.00997991,
          -0.0274847,
          -0.00392889,
          -0.847511,
          -4.2939,
          -1.28237,
          -0.259333,
          -7.46139,
          -1.15871,
          -0.340317,
          -3.41942,
          -0.761867,
          0.00240946,
          0.0412794,
          -0.00464599,
          -0.0366952,
          -0.409606,
          -0.0298263,
          0.037371,
          0.0503673,
          0.0121936,
          0.0178141,
          0.0356927,
          -0.026576,
          0.0283933,
          -0.523925,
          -0.000585192,
          -0.0114928,
          -0.0465743,
          -0.0213114,
          -1.53811,
          3.55811,
          -1.17263,
          0.686294,
          -34.8307,
          0.0507179,
          0.45537,
          1.71007,
          0.476272,
          1.16064,
          -1.26736,
          -0.101982,
          2.34241,
          16.3978,
          -0.620685,
          0.888293,
          2.51089,
          0.178018,
          0.348632,
          4.96634,
          0.487708,
          0.151597,
          8.01945,
          0.958425,
          0.546557,
          1.28031,
          0.495357,
          0.00562121,
          -0.00368951,
          -0.07513,
