{
  "name": "graph_aic",
  "input_tensor": [
    "PPQ_Variable_168"
  ],
  "input_shape": [
    {
      "dim": [1,80,80,80],
      "dtype": "f8",
      "hw_acc": [4,3,7],
      "pack": 0
    }
  ],
  "output_tensor": [
    "467"
  ],
  "output_shape": [
    {
      "dim": [1,80,80,80],
      "dtype": "f16",
      "pack": 0
    }
  ],
  "layer": [
    {
      "inst_name": "Conv_252_im_0",
      "type_name": "Wino2d",
      "bottom": [
        "PPQ_Variable_168"
      ],
      "top": [
        "467"
      ],
      "hw": 3,
      "hw_acc": [4,3,7],
      "param": {
        "num_output": 80,
        "bias_term": 1,
        "group": 80,
        "pad_h": 1,
        "pad_w": 1,
        "kernel_h": 3,
        "kernel_w": 3,
        "stride_h": 1,
        "stride_w": 1,
        "dilation_h": 1,
        "dilation_w": 1,
        "num_input": 80,
        "padding_mode": 0
      },
      "data": {
        "coef": [
          1.75,
          0.46875,
          2,
          1.125,
          -6.5,
          0.5625,
          1.375,
          0.5,
          1.5,
          0.0625,
          0.28125,
          0.125,
          0.28125,
          0.078125,
          0.34375,
          0.140625,
          0.25,
          0.1875,
          0.101562,
          0.375,
          0.1875,
          0.34375,
          0.21875,
          0.40625,
          0.140625,
          0.375,
          0.203125,
          -0.15625,
          -0.171875,
          -0.171875,
          -0.101562,
          0.15625,
          -0.1875,
          -0.25,
          -0.203125,
          -0.25,
          -0.140625,
          -0.28125,
          -0.171875,
          -0.40625,
          -0.125,
          -0.40625,
          -0.117188,
          -0.375,
          -0.15625,
          0.171875,
          -0.75,
          0.117188,
          -0.40625,
          -2,
          -0.46875,
          1.125,
          1.25,
          1,
          -0.109375,
          -0.5625,
          -0.15625,
          -0.4375,
          -0.101562,
          -0.46875,
          -0.171875,
          -0.46875,
          -0.21875,
          -0.28125,
          -0.28125,
          -0.34375,
          -0.34375,
          0.4375,
          -0.3125,
          -0.203125,
          -0.34375,
          -0.375,
          -0.3125,
          0.234375,
          -0.0195312,
          -0.8125,
          1.625,
          0.0703125,
          -0.15625,
          0.0351562,
          -0.140625,
          -0.078125,
          -0.28125,
          -0.171875,
          -0.34375,
          -0.1875,
          -0.375,
          -0.1875,
          -0.34375,
          -0.28125,
          0.0625,
          0.34375,
          0.140625,
          0.34375,
          0.09375,
          0.34375,
          0.140625,
          0.34375,
          0.203125,
          0.046875,
          0.171875,
          0.0703125,
          0.203125,
          0.0859375,
          0.21875,
          0.101562,
          0.21875,
          0.117188,
          -0.375,
          -0.8125,
          -0.46875,
          -0.5625,
          -0.8125,
          -0.6875,
          -0.5625,
          -0.75,
          -0.5625,
          0.15625,
          1.5,
          0.0859375,
          -0.234375,
          -1.125,
          -0.1875,
          -0.0703125,
          -0.40625,
          -0.0292969,
          0.101562,
          0.40625,
          0.375,
          0.5,
          0.234375,
          0.625,
          0.28125,
          0.625,
          0.46875,
          0.203125,
          0.234375,
          0.234375,
          0.28125,
          0.203125,
          0.28125,
          0.234375,
          0.21875,
          0.25,
          0.4375,
          0.0175781,
          0.40625,
          0.078125,
          -2.25,
          -0.03125,
          0.5625,
          0.203125,
          0.625,
          -0.0253906,
          -0.1875,
          -0.0253906,
          0.4375,
          1.125,
          0.4375,
          -0.078125,
          -0.0351562,
          -0.046875,
          0.078125,
          0.375,
          0.140625,
          0.28125,
          0.00878906,
          0.3125,
          0.109375,
          0.4375,
          0.234375,
          0.1875,
          0.625,
          0.25,
          0.375,
          0.00683594,
          0.5,
          0.1875,
          0.625,
          0.28125,
          -0.21875,
          -0.4375,
          -0.34375,
          -0.3125,
          0.0859375,
          -0.40625,
          -0.3125,
          -0.40625,
          -0.40625,
          0.109375,
          0.5625,
          0.28125,
          0.09375,
          0.140625,
          0.109375,
          0.00109863,
          0.21875,
          0.078125,
          -0.21875,
          0.1875,
          -0.078125,
          -3.25,
          2.75,
          0.4375,
          0.078125,
          0.3125,
          0.0585938,
          -0.0429688,
          -0.40625,
          -0.0507812,
          -0.375,
          -0.171875,
          -0.40625,
          -0.125,
          -0.375,
          -0.140625,
          0.125,
          0.21875,
          0.1875,
          0.203125,
          0.125,
          0.28125,
          0.117188,
          0.234375,
          0.171875,
          -0.5625,
          -1.375,
          -0.375,
          -3,
          0.6875,
          -3.5,
          -1.625,
          -1.25,
          -1.5,
          0.0107422,
          0.203125,
          0.0214844,
          0.21875,
          0.09375,
          0.21875,
          0.09375,
          0.28125,
          0.140625,
          0.1875,
          0.3125,
          0.171875,
          0.203125,
          0.0859375,
          0.25,
          0.15625,
          0.25,
          0.203125,
          -0.078125,
          -0.25,
          -0.046875,
          -0.15625,
          -1.125,
          -0.1875,
          0.117188,
          1.25,
          0.171875,
          0.234375,
          0.171875,
          0.25,
          -0.0117188,
          -0.078125,
          0.0273438,
          0.3125,
          0.234375,
          0.34375,
          -0.140625,
          -0.4375,
          -0.140625,
          -0.5,
          -0.46875,
          -0.5625,
          -0.3125,
          -0.5,
          -0.3125,
          -0.1875,
          -0.28125,
          -0.171875,
          -0.34375,
          -0.0507812,
          -0.34375,
          -0.234375,
          -0.34375,
          -0.25,
          -0.0625,
          -0.109375,
          -0.046875,
          -0.117188,
          -0.25,
          -0.15625,
          -0.0507812,
          -0.140625,
          -0.03125,
          -0.15625,
          -0.46875,
          -0.21875,
          -0.5,
          -0.171875,
          -0.5,
          -0.140625,
          -0.40625,
          -0.25,
          0.09375,
          0.234375,
          0.15625,
          0.4375,
          0.078125,
          0.40625,
          0.203125,
          0.28125,
          0.21875,
          -0.125,
          -0.21875,
          -0.140625,
          -0.234375,
          0.00439453,
          -0.25,
          -0.140625,
          -0.28125,
          -0.140625,
          -0.09375,
          0.0859375,
          -0.140625,
          0.0703125,
          1.875,
          0.0273438,
          -0.0703125,
          0.109375,
          -0.101562,
          0.4375,
          -0.375,
          -0.00976562,
          1.625,
          -1,
          -0.46875,
          0.234375,
          -0.21875,
          0.0585938,
          0.9375,
          0.28125,
          -0.75,
          1.5,
          -3.5,
          0.203125,
          2.25,
          1.25,
          1.75,
          -0.0234375,
          -0.34375,
          -0.09375,
          0.0136719,
          1.625,
          0.15625,
          0.0546875,
          -0.171875,
          0.0546875,
          -0.109375,
          -0.40625,
          -0.125,
          -0.375,
          -0.140625,
          -0.375,
          -0.117188,
          -0.3125,
          -0.101562,
