{
  "name": "graph_aic",
  "input_tensor": [
    "PPQ_Variable_231"
  ],
  "input_shape": [
    {
      "dim": [1,80,20,20],
      "dtype": "f8",
      "hw_acc": [4,3,7],
      "pack": 0
    }
  ],
  "output_tensor": [
    "509"
  ],
  "output_shape": [
    {
      "dim": [1,80,20,20],
      "dtype": "f16",
      "pack": 0
    }
  ],
  "layer": [
    {
      "inst_name": "Conv_294_im_0",
      "type_name": "Wino2d",
      "bottom": [
        "PPQ_Variable_231"
      ],
      "top": [
        "509"
      ],
      "hw": 3,
      "hw_acc": [4,3,7],
      "param": {
        "num_output": 80,
        "bias_term": 1,
        "group": 80,
        "pad_h": 1,
        "pad_w": 1,
        "kernel_h": 3,
        "kernel_w": 3,
        "stride_h": 1,
        "stride_w": 1,
        "dilation_h": 1,
        "dilation_w": 1,
        "num_input": 80,
        "padding_mode": 0
      },
      "data": {
        "coef": [
          0.0703125,
          0.25,
          0.0703125,
          0.171875,
          -1.25,
          0.140625,
          0.00634766,
          -0.0429688,
          -0.0117188,
          -0.101562,
          0.0546875,
          0.15625,
          -0.1875,
          -0.9375,
          -0.0585938,
          3.5,
          0.625,
          3.25,
          -0.0859375,
          0.25,
          -0.0703125,
          0.234375,
          1.5,
          0.34375,
          -0.15625,
          0.34375,
          -0.117188,
          -0.00585938,
          -0.75,
          -0.046875,
          -0.8125,
          4.5,
          -1.5,
          -0.0390625,
          -1.25,
          0.15625,
          -0.21875,
          -0.3125,
          -0.21875,
          -0.3125,
          -0.0546875,
          -0.3125,
          -0.21875,
          -0.34375,
          -0.21875,
          -0.101562,
          -0.28125,
          -0.101562,
          -0.25,
          0.0175781,
          -0.25,
          -0.09375,
          -0.3125,
          -0.101562,
          0.0175781,
          -0.625,
          -1,
          0.078125,
          -0.9375,
          -0.8125,
          0.00317383,
          -0.5625,
          -1,
          0.140625,
          0.171875,
          0.140625,
          0.140625,
          -0.015625,
          0.15625,
          0.125,
          0.15625,
          0.125,
          0.101562,
          0.140625,
          0.101562,
          0.125,
          0.0292969,
          0.140625,
          0.09375,
          0.15625,
          0.0859375,
          0.125,
          0.140625,
          0.140625,
          0.117188,
          0.0390625,
          0.125,
          0.117188,
          0.1875,
          0.125,
          -0.234375,
          -0.34375,
          -0.25,
          -0.34375,
          -0.09375,
          -0.375,
          -0.234375,
          -0.375,
          -0.25,
          0.28125,
          0.375,
          0.3125,
          0.28125,
          0.234375,
          0.28125,
          0.3125,
          0.34375,
          0.34375,
          0.109375,
          0.21875,
          0.109375,
          0.21875,
          -0.0273438,
          0.21875,
          0.117188,
          0.28125,
          0.125,
          0.15625,
          0.171875,
          0.171875,
          0.171875,
          0.109375,
          0.1875,
          0.117188,
          0.203125,
          0.109375,
          0.0859375,
          0.117188,
          0.078125,
          0.125,
          -0.046875,
          0.140625,
          0.0859375,
          0.171875,
          0.0859375,
          -0.9375,
          0.0351562,
          0.101562,
          5,
          -0.0078125,
          -0.234375,
          -1.125,
          0.117188,
          0.0429688,
          -0.078125,
          -0.28125,
          -0.09375,
          -0.25,
          0.0351562,
          -0.25,
          -0.0625,
          -0.28125,
          -0.078125,
          0.109375,
          0.15625,
          0.109375,
          0.125,
          0.0195312,
          0.125,
          0.117188,
          0.1875,
          0.117188,
          0.0625,
          0.140625,
          0.0625,
          0.140625,
          -0.0390625,
          0.140625,
          0.0546875,
          0.140625,
          0.0625,
          -0.109375,
          -0.25,
          -0.109375,
          -0.25,
          0.0507812,
          -0.25,
          -0.125,
          -0.25,
          -0.125,
          0.1875,
          0.3125,
          0.171875,
          0.25,
          -0.0625,
          0.28125,
          0.15625,
          0.34375,
          0.15625,
          -0.625,
          -0.4375,
          -0.078125,
          -0.625,
          -0.625,
          -0.140625,
          -0.625,
          -0.40625,
          -0.0625,
          0.0703125,
          0.0859375,
          0.0703125,
          0.09375,
          0.28125,
          0.09375,
          0.0625,
          0.171875,
          0.0625,
          0.125,
          0.15625,
          0.117188,
          0.15625,
          -0.0351562,
          0.171875,
          0.09375,
          0.171875,
          0.09375,
          0.125,
          0.140625,
          0.125,
          0.15625,
          0.0429688,
          0.15625,
          0.101562,
          0.15625,
          0.101562,
          -0.140625,
          -0.25,
          -0.125,
          -0.25,
          -0.0234375,
          -0.25,
          -0.140625,
          -0.25,
          -0.125,
          0.125,
          0.203125,
          0.125,
          0.171875,
          -0.0107422,
          0.1875,
          0.117188,
          0.1875,
          0.125,
          0.15625,
          0.234375,
          0.15625,
          0.203125,
          0.0146484,
          0.21875,
          0.15625,
          0.25,
          0.140625,
          0.117188,
          0.203125,
          0.117188,
          0.171875,
          -0.00134277,
          0.1875,
          0.117188,
          0.203125,
          0.109375,
          -0.28125,
          -0.5,
          -0.28125,
          -0.4375,
          0.00732422,
          -0.46875,
          -0.28125,
          -0.4375,
          -0.3125,
          -0.28125,
          -0.375,
          -0.25,
          -0.3125,
          -0.00878906,
          -0.34375,
          -0.234375,
          -0.375,
          -0.25,
          0.171875,
          1.125,
          0.15625,
          -0.0390625,
          -0.3125,
          0.0214844,
          -0.125,
          -0.1875,
          -0.109375,
          -0.0292969,
          0.117188,
          0.00146484,
          -0.140625,
          1.125,
          -0.1875,
          -0.109375,
          -1.25,
          -0.0625,
          -0.0195312,
          -0.0351562,
          0.203125,
          -0.101562,
          -0.00878906,
          1.125,
          0.00341797,
          -0.03125,
          0.0117188,
          0.140625,
          1.125,
          0.0703125,
          -0.171875,
          -0.234375,
          -0.140625,
          -0.0625,
          -0.140625,
          -0.0126953,
          0.4375,
          0.46875,
          0.40625,
          0.3125,
          -1.5,
          0.3125,
          0.25,
          -0.4375,
          0.234375,
          -0.203125,
          -0.28125,
          -0.1875,
          -0.28125,
          -0.046875,
          -0.28125,
          -0.203125,
          -0.3125,
          -0.203125,
          0.234375,
          0.25,
          0.234375,
          0.234375,
          -0.0507812,
          0.25,
          0.15625,
          0.28125,
          0.171875,
          3.25,
          0.9375,
          2.75,
          -0.28125,
          -0.46875,
          0.0859375,
          0.0351562,
          -0.109375,
          0.0703125,
          0.21875,
          0.28125,
          0.21875,
          0.3125,
          -0.0234375,
          0.3125,
          0.25,
          0.34375,
          0.28125,
          -0.0273438,
          -0.125,
          0.00219727,
          -0.203125,
          -0.1875,
          -0.203125,
